-- Estrutura: nome,email,data_nascimento,idade,id
,Kieth_Clark2321@zorer.org,2000-05-12 18:26:30,41,1
Andrea Bailey,Andrea_Bailey3082@corti.com,1887-06-15 03:10:50,29,2
Bernadette Lee,Bernadette_Lee4410@hourpy.biz,1843-09-27 07:22:03,56,3
Anthony Leigh,Anthony_Leigh1917@eirey.tech,1955-09-27 20:28:30,61,4
Chad Pierce,Chad_Pierce480@eirey.tech,2002-11-20 22:15:09,37,5
Hank Phillips,Hank_Phillips6190@eirey.tech,1928-12-21 08:21:24,79,6
Luke Martin,Luke_Martin468@muall.tech,1887-09-24 01:31:03,84,7
Ron Lewin,Ron_Lewin3299@deons.tech,1831-04-07 00:34:11,92,8
Deborah Everett,Deborah_Everett8241@nimogy.biz,1908-02-20 14:53:55,75,9
Clint Lloyd,Clint_Lloyd7713@ovock.tech,1948-10-17 01:01:22,92,10
Russel Gilbert,Russel_Gilbert3516@sheye.org,1842-12-18 12:58:31,33,11
Lily Redwood,Lily_Redwood4998@vetan.org,1927-06-26 04:33:21,36,12
Rylee Price,Rylee_Price3667@corti.com,2009-11-26 13:52:22,53,13
Elle Bennett,Elle_Bennett2912@dionrab.com,1955-04-12 19:51:02,64,14
Owen Gavin,Owen_Gavin7497@nanoff.biz,1932-10-22 08:33:09,51,15
Aiden Wilde,Aiden_Wilde1678@gembat.biz,1958-12-12 20:48:50,86,16
Selena Baker,Selena_Baker996@tonsy.org,1931-09-13 12:51:25,95,17
Anais Freeburn,Anais_Freeburn7990@bretoux.com,1830-07-31 17:49:11,93,18
Ember Garcia,Ember_Garcia9747@extex.org,1920-01-25 07:02:04,48,19
Sabrina Cooper,Sabrina_Cooper2163@famism.biz,1872-06-12 00:16:32,67,20
Chris Tailor,Chris_Tailor2181@brety.org,1844-11-03 22:50:50,30,21
Angelique Fleming,Angelique_Fleming9375@liret.org,1917-12-17 21:37:06,75,22
Caleb Fox,Caleb_Fox656@atink.com,1949-01-27 07:17:43,22,23
Rufus Coates,Rufus_Coates5941@bungar.biz,1841-03-09 20:30:14,89,24
Victoria Shaw,Victoria_Shaw9253@kideod.biz,1971-06-01 09:04:57,64,25
Lucas Khan,Lucas_Khan8513@gmail.com,1915-06-11 16:04:04,25,26
Julius Carpenter,Julius_Carpenter8005@atink.com,1901-11-23 17:01:00,29,27
Luke Evans,Luke_Evans2369@tonsy.org,1978-06-20 07:50:35,49,28
Elisabeth Phillips,Elisabeth_Phillips1778@deavo.com,1940-07-05 07:25:13,54,29
Harvey Kaur,Harvey_Kaur1509@dionrab.com,1987-01-12 07:22:45,22,30
Mina Lindsay,Mina_Lindsay8429@infotech44.tech,2006-07-17 00:54:39,65,31
Denis Ellison,Denis_Ellison6912@qater.org,1932-07-01 08:55:05,62,32
Bryon Graham,Bryon_Graham5642@brety.org,1977-11-12 22:14:10,46,33
Maggie Niles,Maggie_Niles5573@supunk.biz,1991-09-25 04:28:12,82,34
Lucas Gunn,Lucas_Gunn6510@ubusive.com,1932-03-16 08:43:17,59,35
Tania Nanton,Tania_Nanton2310@extex.org,1952-05-30 13:29:06,32,36
Courtney Oakley,Courtney_Oakley3172@sveldo.biz,1852-08-25 17:53:17,99,37
Hannah Reese,Hannah_Reese3060@infotech44.tech,1952-08-23 13:08:14,32,38
Megan Tait,Megan_Tait6691@zorer.org,1834-04-03 15:50:33,78,39
Johnathan Mcgregor,Johnathan_Mcgregor339@hourpy.biz,1980-09-26 14:26:31,31,40
Isabel Wills,Isabel_Wills2967@twace.org,1937-11-17 15:58:15,44,41
Tyson Ebden,Tyson_Ebden9356@brety.org,1963-06-27 19:05:25,21,42
Noah Henderson,Noah_Henderson5649@deavo.com,1955-07-11 11:41:28,31,43
Sage Gosling,Sage_Gosling846@gmail.com,2019-12-26 18:38:31,41,44
Johnathan Walker,Johnathan_Walker2562@muall.tech,1991-11-15 10:25:17,27,45
Benny Harris,Benny_Harris4852@nickia.com,1998-03-01 02:51:34,55,46
Stella Moreno,Stella_Moreno1016@bretoux.com,2013-01-14 18:09:33,78,47
Hank Cameron,Hank_Cameron1458@iatim.tech,1979-04-12 07:04:54,88,48
Roger Bentley,Roger_Bentley3627@tonsy.org,1910-02-18 02:07:24,57,49
Daniel Michael,Daniel_Michael811@liret.org,1909-06-14 04:28:55,73,50
Parker Jones,Parker_Jones5524@tonsy.org,1975-11-10 00:50:49,90,51
William Wilkinson,William_Wilkinson7187@liret.org,2018-03-04 12:08:53,88,52
Ron Dale,Ron_Dale733@qater.org,1821-04-11 02:27:54,33,53
Judith Herbert,Judith_Herbert2403@typill.biz,2009-06-10 04:50:10,52,54
Harmony Cann,Harmony_Cann5307@bungar.biz,1991-06-10 22:20:50,36,55
William Bailey,William_Bailey864@hourpy.biz,1896-03-12 12:47:41,33,56
Luna Walker,Luna_Walker6526@jiman.org,1965-04-16 20:42:53,41,57
Winnie Williams,Winnie_Williams4828@elnee.tech,1937-08-08 08:13:08,99,58
Enoch Uttridge,Enoch_Uttridge6943@bretoux.com,1935-08-16 05:02:23,53,59
Francesca Burge,Francesca_Burge9811@sheye.org,1999-09-19 07:37:15,34,60
Maia Hogg,Maia_Hogg5702@kideod.biz,1854-05-03 01:05:39,38,61
Emery Snell,Emery_Snell7017@atink.com,1997-07-12 21:14:20,74,62
Hayden Hunt,Hayden_Hunt4806@zorer.org,1893-10-13 12:58:42,61,63
Joseph Bishop,Joseph_Bishop9531@famism.biz,1980-08-31 07:02:14,29,64
Daphne Franks,Daphne_Franks1530@elnee.tech,1842-04-17 17:26:49,90,65
Aurelia Cattell,Aurelia_Cattell5719@brety.org,1837-11-22 21:56:41,25,66
Gil Franks,Gil_Franks1369@extex.org,1868-06-22 07:41:38,46,67
Isabella Robe,Isabella_Robe2007@nanoff.biz,1880-10-30 11:09:02,80,68
Percy Lynch,Percy_Lynch8405@grannar.com,1856-09-24 10:22:12,96,69
Sylvia Keys,Sylvia_Keys1554@womeona.net,1910-08-08 18:14:09,34,70
Gil Baxter,Gil_Baxter4945@ubusive.com,1839-06-17 01:05:23,53,71
Enoch Tutton,Enoch_Tutton9456@corti.com,1918-07-05 20:31:34,84,72
Anthony Reading,Anthony_Reading6941@irrepsy.com,1856-04-30 12:49:39,77,73
Lexi Roberts,Lexi_Roberts8472@extex.org,1927-07-06 07:39:30,55,74
Melody Collins,Melody_Collins7889@acrit.org,1840-06-23 10:23:39,21,75
Sebastian Atkinson,Sebastian_Atkinson3599@joiniaa.com,1981-02-14 13:05:01,29,76
Alan Hammond,Alan_Hammond6723@bulaffy.com,1892-10-10 17:03:56,95,77
Sebastian Chadwick,Sebastian_Chadwick1244@deavo.com,1902-08-09 22:40:19,48,78
Tony Smith,Tony_Smith6211@tonsy.org,1874-11-07 13:37:25,33,79
Wade Lakey,Wade_Lakey3706@guentu.biz,1992-09-08 21:18:51,99,80
Domenic Weatcroft,Domenic_Weatcroft7261@zorer.org,1880-04-21 05:31:38,18,81
Piper Gunn,Piper_Gunn6513@elnee.tech,1905-07-10 01:47:29,70,82
Elena Collins,Elena_Collins7596@fuliss.net,2009-07-28 13:38:13,87,83
Owen Kidd,Owen_Kidd3431@famism.biz,1886-01-11 15:26:43,90,84
Bart Mcgee,Bart_Mcgee4254@acrit.org,1827-05-15 10:58:55,56,85
Sofie Ring,Sofie_Ring2357@gembat.biz,1856-11-03 17:40:42,94,86
Keira Holt,Keira_Holt8088@womeona.net,1857-07-22 02:24:35,25,87
Danielle Power,Danielle_Power6106@mafthy.com,1966-08-06 03:12:23,97,88
Rick Vallory,Rick_Vallory7557@famism.biz,1886-03-11 18:33:07,88,89
Julia Maxwell,Julia_Maxwell8149@tonsy.org,1915-07-12 17:10:52,31,90
Angelique Martin,Angelique_Martin8490@brety.org,1854-11-22 01:12:37,57,91
Michael Palmer,Michael_Palmer7518@kideod.biz,1836-08-30 19:32:44,35,92
Caleb Nanton,Caleb_Nanton7389@womeona.net,1967-04-29 20:14:25,27,93
Wendy Hamilton,Wendy_Hamilton2339@yahoo.com,1908-12-01 05:50:01,89,94
Oliver Wooldridge,Oliver_Wooldridge6431@qater.org,1825-11-05 16:57:21,26,95
Hank Drew,Hank_Drew6787@typill.biz,1903-02-09 17:38:19,18,96
Susan Neville,Susan_Neville5267@corti.com,1826-08-23 05:02:42,18,97
Janelle Norburn,Janelle_Norburn8807@ovock.tech,1971-08-01 13:38:52,58,98
Jade Boyle,Jade_Boyle3214@cispeto.com,1980-07-23 13:38:25,68,99
Christy Leigh,Christy_Leigh206@vetan.org,1903-04-16 18:23:08,84,100
Mason Edler,Mason_Edler3672@eirey.tech,1939-12-22 15:31:42,22,101
David Osman,David_Osman8273@extex.org,1889-08-17 22:27:01,74,102
Madelyn Scott,Madelyn_Scott1003@bretoux.com,1874-01-29 11:30:16,62,103
Laila Ingham,Laila_Ingham818@nimogy.biz,1889-10-03 15:29:04,92,104
Bart Dixon,Bart_Dixon3753@naiker.biz,1937-11-16 19:41:02,39,105
Erin Martin,Erin_Martin4552@acrit.org,1866-01-12 01:08:03,98,106
Cherish Oldfield,Cherish_Oldfield1747@sveldo.biz,1946-09-21 13:39:08,70,107
Alessia Addley,Alessia_Addley1083@grannar.com,1902-05-23 15:14:17,77,108
Stephanie John,Stephanie_John187@deons.tech,1938-11-23 18:02:42,56,109
Caleb Darcy,Caleb_Darcy856@naiker.biz,2019-01-15 18:44:15,31,110
Javier Andrews,Javier_Andrews3986@mafthy.com,1820-06-30 21:16:53,95,111
Eve Hunt,Eve_Hunt3315@grannar.com,1889-04-16 15:13:04,60,112
Benny Morgan,Benny_Morgan6720@ubusive.com,1849-10-08 00:18:18,63,113
Noah Willis,Noah_Willis1349@bauros.biz,1875-02-07 04:04:25,25,114
Caleb Briggs,Caleb_Briggs7746@guentu.biz,1920-08-27 15:07:31,54,115
Scarlett Paterson,Scarlett_Paterson7443@ubusive.com,1904-09-02 04:52:03,54,116
Goldie Bishop,Goldie_Bishop3453@ubusive.com,1955-02-24 18:42:34,40,117
Trisha Salt,Trisha_Salt9928@zorer.org,1880-09-20 09:10:46,86,118
Kirsten Gonzales,Kirsten_Gonzales8700@eirey.tech,1834-02-08 05:14:46,44,119
Dani Baker,Dani_Baker9904@deons.tech,1822-10-29 13:46:26,35,120
Anthony Norburn,Anthony_Norburn2640@bretoux.com,1964-01-26 17:39:51,21,121
Bart Farrow,Bart_Farrow2254@infotech44.tech,1843-11-11 19:05:06,39,122
Ruth Preston,Ruth_Preston2695@gembat.biz,1986-04-16 13:48:53,88,123
Miriam Eddison,Miriam_Eddison5701@atink.com,1923-04-09 08:30:33,60,124
Benny Mcgregor,Benny_Mcgregor7586@ubusive.com,1822-10-05 04:46:01,97,125
Audrey Shields,Audrey_Shields1878@sheye.org,1842-06-06 00:15:02,57,126
Jolene Rehman,Jolene_Rehman84@bretoux.com,1895-02-16 07:31:04,55,127
Nate Eaton,Nate_Eaton5831@bungar.biz,1995-10-02 04:09:56,34,128
Eve Ellis,Eve_Ellis9266@deavo.com,1872-03-30 21:31:46,21,129
Dasha Ellison,Dasha_Ellison831@supunk.biz,1898-06-17 18:21:26,95,130
Caitlyn Vernon,Caitlyn_Vernon5697@gembat.biz,1982-07-11 21:06:14,91,131
Liam Richardson,Liam_Richardson8416@qater.org,1887-04-16 03:49:17,21,132
Samara Bowen,Samara_Bowen356@infotech44.tech,1955-07-29 20:26:11,62,133
Denis Graham,Denis_Graham28@cispeto.com,2016-01-11 01:13:42,91,134
Rosa Whittle,Rosa_Whittle8954@twace.org,1939-07-05 17:36:13,22,135
Melania Power,Melania_Power4141@cispeto.com,2001-10-16 20:39:34,61,136
Michelle Jefferson,Michelle_Jefferson7033@typill.biz,1831-11-29 04:18:19,89,137
Daniel Herbert,Daniel_Herbert4056@brety.org,1941-08-31 11:50:53,49,138
ara Craig,ara_Craig1384@twipet.com,1849-04-15 18:17:29,67,139
Phoebe Sherry,Phoebe_Sherry1859@infotech44.tech,1982-02-20 21:34:04,24,140
Allison Lewis,Allison_Lewis3689@typill.biz,1887-02-06 18:38:40,92,141
Tyler Hall,Tyler_Hall2083@iatim.tech,1955-05-27 06:45:24,72,142
Leslie Samuel,Leslie_Samuel7202@naiker.biz,1988-10-25 06:55:25,93,143
Daniel Forester,Daniel_Forester8201@infotech44.tech,1905-10-18 22:49:19,96,144
Tony Baker,Tony_Baker5895@tonsy.org,1823-10-04 14:24:32,41,145
Bridget Furnell,Bridget_Furnell4174@typill.biz,1927-03-04 15:33:33,97,146
Liam Jennson,Liam_Jennson7599@gembat.biz,1919-03-23 06:56:14,35,147
Alice Wills,Alice_Wills4442@ubusive.com,1847-12-17 06:13:30,81,148
Violet Evans,Violet_Evans1507@joiniaa.com,1929-07-15 17:20:00,53,149
Lara Ainsworth,Lara_Ainsworth3691@bulaffy.com,1911-04-25 21:49:22,75,150
Caydence Lowe,Caydence_Lowe3420@gompie.com,1832-04-21 16:43:04,72,151
Hazel Richardson,Hazel_Richardson7922@bauros.biz,1857-02-17 11:03:20,72,152
Iris Emmett,Iris_Emmett8159@elnee.tech,1886-06-05 04:04:31,90,153
Ivette Hobson,Ivette_Hobson8179@famism.biz,1928-09-28 15:02:33,46,154
Ronald Marshall,Ronald_Marshall3419@nanoff.biz,1889-04-03 07:28:36,78,155
Marigold Giles,Marigold_Giles7057@ovock.tech,1979-03-19 16:21:53,38,156
Mary Watson,Mary_Watson1957@kideod.biz,1984-10-22 13:13:43,35,157
Ivette Edwards,Ivette_Edwards30@hourpy.biz,1969-11-23 15:35:37,25,158
Olivia Yang,Olivia_Yang7966@bulaffy.com,1892-05-22 21:08:51,38,159
Anais Johnson,Anais_Johnson3303@irrepsy.com,1863-08-10 18:04:52,46,160
Barney Roscoe,Barney_Roscoe4093@liret.org,1927-12-13 08:29:51,34,161
Carl Clifton,Carl_Clifton8144@eirey.tech,1852-03-27 04:23:16,25,162
Jack Fields,Jack_Fields4868@supunk.biz,1854-12-11 06:09:31,67,163
Logan Sherwood,Logan_Sherwood2888@ubusive.com,2001-01-14 22:02:33,48,164
Chad Wilson,Chad_Wilson6672@twace.org,1959-06-10 13:19:04,44,165
Domenic Ellis,Domenic_Ellis7967@irrepsy.com,1887-07-31 16:14:00,23,166
Barry Morrison,Barry_Morrison2726@eirey.tech,1928-05-16 09:25:28,46,167
Lucy Lambert,Lucy_Lambert9093@sveldo.biz,1908-03-27 03:41:21,75,168
Doug Nicolas,Doug_Nicolas2083@gompie.com,1929-05-11 18:54:48,99,169
Jules Upton,Jules_Upton5005@twace.org,1975-05-15 11:58:24,66,170
Ethan Walton,Ethan_Walton7412@twace.org,2002-12-30 12:52:40,20,171
William Sheldon,William_Sheldon3193@corti.com,1877-05-06 03:44:41,76,172
Chris Cowan,Chris_Cowan5016@nanoff.biz,1909-03-08 02:20:46,44,173
Gwen Nanton,Gwen_Nanton7736@joiniaa.com,1899-03-29 02:19:04,71,174
Celia Ventura,Celia_Ventura7917@typill.biz,1849-02-25 19:41:00,87,175
Sara Whittle,Sara_Whittle6946@qater.org,1980-05-08 12:19:33,74,176
Dorothy Campbell,Dorothy_Campbell3646@dionrab.com,2019-03-01 17:06:53,26,177
Harvey Stevens,Harvey_Stevens524@brety.org,1985-11-17 06:48:40,20,178
Jasmine Yoman,Jasmine_Yoman9393@nimogy.biz,1868-01-17 20:35:54,67,179
Bryce Holmes,Bryce_Holmes3744@qater.org,1976-05-23 18:50:42,85,180
Boris Clark,Boris_Clark9070@nimogy.biz,1984-10-25 00:13:57,19,181
Madison Weston,Madison_Weston5468@sveldo.biz,1904-07-12 20:09:39,86,182
Marvin Poulton,Marvin_Poulton3013@jiman.org,1895-03-15 01:18:12,95,183
Taylor Dowson,Taylor_Dowson8562@iatim.tech,1991-07-18 13:25:15,89,184
Phillip Fleming,Phillip_Fleming9124@dionrab.com,1837-08-22 03:12:16,52,185
Phillip Hall,Phillip_Hall8918@brety.org,1872-07-02 12:29:37,43,186
Samantha Wade,Samantha_Wade281@fuliss.net,1846-08-31 14:47:54,38,187
Chad Umney,Chad_Umney7951@iatim.tech,1910-03-14 11:15:13,32,188
Alexander Nurton,Alexander_Nurton7901@yahoo.com,1892-04-02 04:12:07,47,189
Charlotte Ellis,Charlotte_Ellis9499@sveldo.biz,1917-07-15 14:35:53,95,190
Ada Whittle,Ada_Whittle283@mafthy.com,1912-10-05 17:23:15,40,191
Jayden Hale,Jayden_Hale4558@dionrab.com,2006-06-21 15:13:58,70,192
Leanne Wilde,Leanne_Wilde5651@ovock.tech,1966-09-21 15:56:40,29,193
Emma Jones,Emma_Jones2855@bauros.biz,2001-12-16 12:00:11,65,194
Harvey Strong,Harvey_Strong8629@vetan.org,1822-11-11 19:19:52,32,195
Lucas Fisher,Lucas_Fisher2636@yahoo.com,2018-11-14 15:42:04,88,196
Kurt Graham,Kurt_Graham1257@kideod.biz,1984-01-27 21:58:41,30,197
Carmella Yarlett,Carmella_Yarlett4153@yahoo.com,1840-08-14 11:47:55,94,198
Nicholas Latham,Nicholas_Latham5184@ubusive.com,1903-06-24 07:05:15,79,199
Rosa Kelly,Rosa_Kelly3354@sheye.org,1982-10-17 02:47:24,83,200
Denis Fleming,Denis_Fleming7259@naiker.biz,1848-06-18 08:11:13,93,201
Liam Gonzales,Liam_Gonzales1487@ovock.tech,1918-09-06 16:10:46,21,202
Rocco Harris,Rocco_Harris9576@bungar.biz,1929-04-21 16:41:38,36,203
Johnathan James,Johnathan_James1448@qater.org,1832-12-02 15:20:42,33,204
Sage Kerr,Sage_Kerr3385@jiman.org,1893-08-15 01:46:22,40,205
Carter Utterson,Carter_Utterson3661@bretoux.com,1871-12-14 02:39:47,38,206
Mason Khan,Mason_Khan39@bungar.biz,1978-07-13 10:37:17,91,207
Lara Partridge,Lara_Partridge5992@extex.org,1895-03-05 22:22:40,63,208
Anthony Phillips,Anthony_Phillips3734@twace.org,1832-08-31 15:01:49,66,209
Gabriel Andersson,Gabriel_Andersson4703@naiker.biz,1897-04-27 13:51:23,57,210
Tyson Emerson,Tyson_Emerson4851@irrepsy.com,1960-04-06 10:24:22,93,211
Lauren Cassidy,Lauren_Cassidy2496@sheye.org,1910-01-18 07:09:50,89,212
Victoria Slater,Victoria_Slater7117@ovock.tech,1975-02-01 19:58:47,67,213
Barney Jobson,Barney_Jobson2133@nickia.com,1832-09-03 10:49:52,54,214
ara Edley,ara_Edley9184@twipet.com,1861-09-06 01:17:41,45,215
Makena Chester,Makena_Chester5305@gmail.com,1907-12-22 14:45:31,75,216
Allison Cowan,Allison_Cowan7691@twace.org,1861-07-19 17:45:34,75,217
Vera Marshall,Vera_Marshall4235@jiman.org,1992-10-05 18:51:24,79,218
George Cann,George_Cann4686@gompie.com,1894-07-29 02:26:50,36,219
Danny Bolton,Danny_Bolton1940@mafthy.com,1846-01-10 14:52:46,24,220
Josephine Haines,Josephine_Haines33@gmail.com,1926-08-09 03:34:15,58,221
Amy Watt,Amy_Watt7888@infotech44.tech,1879-07-11 04:08:11,80,222
Dani Tyrrell,Dani_Tyrrell3540@twipet.com,1873-05-30 04:04:49,30,223
Celia Spencer,Celia_Spencer3361@twipet.com,1908-06-26 19:16:05,20,224
Clint Gilbert,Clint_Gilbert3530@mafthy.com,1950-01-07 08:30:12,41,225
Rufus Groves,Rufus_Groves137@infotech44.tech,1849-02-27 08:20:42,26,226
Gil Wallace,Gil_Wallace1082@twipet.com,1964-11-28 15:00:29,62,227